original	cleaned
K__Archaea;P__Candidatus_Lokiarchaeota;C__Candidatus_Lokiarchaeia;O__Candidatus_Prometheoarchaeales;F__Candidatus_Prometheoarchaeaceae;G__Candidatus_Prometheoarchaeum;S__Candidatus_Prometheoarchaeum_syntrophicum	K__Archaea;P__Candidatus_Lokiarchaeota;C__Candidatus_Lokiarchaeia;O__Promethearchaeales;F__Promethearchaeaceae;G__Promethearchaeum;S__Promethearchaeum_syntrophicum
K__Archaea;P__Candidatus_Nanohaloarchaeota;C__Candidatus_Nanohalobia;O__Candidatus_Nanohalobiales;F__Candidatus_Nanohalobiaceae;G__Candidatus_Nanohalobium;S__Candidatus_Nanohalobium_constans	K__Archaea;P__Candidatus_Nanohalarchaeota;C__Candidatus_Nanohalobia;O__Candidatus_Nanohalobiales;F__Candidatus_Nanohalobiaceae;G__Candidatus_Nanohalobium;S__Candidatus_Nanohalobium_constans
K__Archaea;P__Candidatus_Thermoplasmatota;C__;O__;F__;G__Candidatus_Aciduliprofundum;S__Candidatus_Aciduliprofundum_boonei	K__Archaea;P__Thermoplasmatota;C__;O__;F__;G__Candidatus_Aciduliprofundum;S__Candidatus_Aciduliprofundum_boonei
K__Archaea;P__Candidatus_Thermoplasmatota;C__Thermoplasmata;O__Methanomassiliicoccales;F__Methanomassiliicoccaceae;G__Methanomassiliicoccus;S__Candidatus_Methanomassiliicoccus_intestinalis	K__Archaea;P__Thermoplasmatota;C__Thermoplasmata;O__Methanomassiliicoccales;F__Methanomassiliicoccaceae;G__Methanomassiliicoccus;S__Candidatus_Methanomassiliicoccus_intestinalis
K__Archaea;P__Candidatus_Thermoplasmatota;C__Thermoplasmata;O__Methanomassiliicoccales;F__Methanomassiliicoccaceae;G__Methanoplasma;S__Candidatus_Methanoplasma_termitum	K__Archaea;P__Thermoplasmatota;C__Thermoplasmata;O__Methanomassiliicoccales;F__Methanomassiliicoccaceae;G__Methanoplasma;S__Candidatus_Methanoplasma_termitum
K__Archaea;P__Candidatus_Thermoplasmatota;C__Thermoplasmata;O__Methanomassiliicoccales;F__Methanomethylophilaceae;G__Methanomethylophilus;S__Methanomethylophilus_alvi	K__Archaea;P__Thermoplasmatota;C__Thermoplasmata;O__Methanomassiliicoccales;F__Methanomethylophilaceae;G__Methanomethylophilus;S__Methanomethylophilus_alvi
K__Archaea;P__Euryarchaeota;C__Halobacteria;O__Halobacteriales;F__Haladaptataceae;G__Haladaptatus;S__Haladaptatus_caseinilyticus	K__Archaea;P__Methanobacteriota;C__Halobacteria;O__Halobacteriales;F__Haladaptataceae;G__Haladaptatus;S__Haladaptatus_caseinilyticus
K__Archaea;P__Euryarchaeota;C__Halobacteria;O__Halobacteriales;F__Haladaptataceae;G__Haladaptatus;S__Haladaptatus_halobius	K__Archaea;P__Methanobacteriota;C__Halobacteria;O__Halobacteriales;F__Haladaptataceae;G__Haladaptatus;S__Haladaptatus_halobius
K__Archaea;P__Euryarchaeota;C__Halobacteria;O__Halobacteriales;F__Haladaptataceae;G__Haladaptatus;S__Haladaptatus_salinisoli	K__Archaea;P__Methanobacteriota;C__Halobacteria;O__Halobacteriales;F__Haladaptataceae;G__Haladaptatus;S__Haladaptatus_salinisoli
K__Archaea;P__Euryarchaeota;C__Halobacteria;O__Halobacteriales;F__Haladaptataceae;G__Halomicrococcus;S__Halomicrococcus_gelatinilyticus	K__Archaea;P__Methanobacteriota;C__Halobacteria;O__Halobacteriales;F__Haladaptataceae;G__Halomicrococcus;S__Halomicrococcus_gelatinilyticus
K__Archaea;P__Euryarchaeota;C__Halobacteria;O__Halobacteriales;F__Haladaptataceae;G__Halorussus;S__Halorussus_aquaticus	K__Archaea;P__Methanobacteriota;C__Halobacteria;O__Halobacteriales;F__Haladaptataceae;G__Halorussus;S__Halorussus_aquaticus
K__Archaea;P__Euryarchaeota;C__Halobacteria;O__Halobacteriales;F__Haladaptataceae;G__Halorussus;S__Halorussus_caseinilyticus	K__Archaea;P__Methanobacteriota;C__Halobacteria;O__Halobacteriales;F__Haladaptataceae;G__Halorussus;S__Halorussus_caseinilyticus
K__Archaea;P__Euryarchaeota;C__Halobacteria;O__Halobacteriales;F__Haladaptataceae;G__Halorussus;S__Halorussus_gelatinilyticus	K__Archaea;P__Methanobacteriota;C__Halobacteria;O__Halobacteriales;F__Haladaptataceae;G__Halorussus;S__Halorussus_gelatinilyticus
K__Archaea;P__Euryarchaeota;C__Halobacteria;O__Halobacteriales;F__Haladaptataceae;G__Halorussus;S__Halorussus_limi	K__Archaea;P__Methanobacteriota;C__Halobacteria;O__Halobacteriales;F__Haladaptataceae;G__Halorussus;S__Halorussus_limi
K__Archaea;P__Euryarchaeota;C__Halobacteria;O__Halobacteriales;F__Haladaptataceae;G__Halorussus;S__Halorussus_lipolyticus	K__Archaea;P__Methanobacteriota;C__Halobacteria;O__Halobacteriales;F__Haladaptataceae;G__Halorussus;S__Halorussus_lipolyticus
K__Archaea;P__Euryarchaeota;C__Halobacteria;O__Halobacteriales;F__Haladaptataceae;G__Halorussus;S__Halorussus_salilacus	K__Archaea;P__Methanobacteriota;C__Halobacteria;O__Halobacteriales;F__Haladaptataceae;G__Halorussus;S__Halorussus_salilacus
K__Archaea;P__Euryarchaeota;C__Halobacteria;O__Halobacteriales;F__Haladaptataceae;G__Halorussus;S__Halorussus_salinisoli	K__Archaea;P__Methanobacteriota;C__Halobacteria;O__Halobacteriales;F__Haladaptataceae;G__Halorussus;S__Halorussus_salinisoli
K__Archaea;P__Euryarchaeota;C__Halobacteria;O__Halobacteriales;F__Haladaptataceae;G__Halorussus;S__Halorussus_vallis	K__Archaea;P__Methanobacteriota;C__Halobacteria;O__Halobacteriales;F__Haladaptataceae;G__Halorussus;S__Halorussus_vallis
K__Archaea;P__Euryarchaeota;C__Halobacteria;O__Halobacteriales;F__Haloarculaceae;G__Halapricum;S__Halapricum_hydrolyticum	K__Archaea;P__Methanobacteriota;C__Halobacteria;O__Halobacteriales;F__Haloarculaceae;G__Halapricum;S__Halapricum_hydrolyticum
K__Archaea;P__Euryarchaeota;C__Halobacteria;O__Halobacteriales;F__Haloarculaceae;G__Haloarcula;S__Haloarcula_halobia	K__Archaea;P__Methanobacteriota;C__Halobacteria;O__Halobacteriales;F__Haloarculaceae;G__Haloarcula;S__Haloarcula_halobia
K__Archaea;P__Euryarchaeota;C__Halobacteria;O__Halobacteriales;F__Haloarculaceae;G__Haloarcula;S__Haloarcula_halophila	K__Archaea;P__Methanobacteriota;C__Halobacteria;O__Halobacteriales;F__Haloarculaceae;G__Haloarcula;S__Haloarcula_halophila
K__Archaea;P__Euryarchaeota;C__Halobacteria;O__Halobacteriales;F__Haloarculaceae;G__Haloarcula;S__Haloarcula_litorea	K__Archaea;P__Methanobacteriota;C__Halobacteria;O__Halobacteriales;F__Haloarculaceae;G__Haloarcula;S__Haloarcula_litorea
K__Archaea;P__Euryarchaeota;C__Halobacteria;O__Halobacteriales;F__Haloarculaceae;G__Haloarcula;S__Haloarcula_ordinaria	K__Archaea;P__Methanobacteriota;C__Halobacteria;O__Halobacteriales;F__Haloarculaceae;G__Haloarcula;S__Haloarcula_ordinaria
K__Archaea;P__Euryarchaeota;C__Halobacteria;O__Halobacteriales;F__Haloarculaceae;G__Haloarcula;S__Haloarcula_pelagica	K__Archaea;P__Methanobacteriota;C__Halobacteria;O__Halobacteriales;F__Haloarculaceae;G__Haloarcula;S__Haloarcula_pelagica
K__Archaea;P__Euryarchaeota;C__Halobacteria;O__Halobacteriales;F__Haloarculaceae;G__Haloarcula;S__Haloarcula_terrestris	K__Archaea;P__Methanobacteriota;C__Halobacteria;O__Halobacteriales;F__Haloarculaceae;G__Haloarcula;S__Haloarcula_terrestris
K__Archaea;P__Euryarchaeota;C__Halobacteria;O__Halobacteriales;F__Haloarculaceae;G__Halocatena;S__Halocatena_marina	K__Archaea;P__Methanobacteriota;C__Halobacteria;O__Halobacteriales;F__Haloarculaceae;G__Halocatena;S__Halocatena_marina
K__Archaea;P__Euryarchaeota;C__Halobacteria;O__Halobacteriales;F__Haloarculaceae;G__Halocatena;S__Halocatena_salina	K__Archaea;P__Methanobacteriota;C__Halobacteria;O__Halobacteriales;F__Haloarculaceae;G__Halocatena;S__Halocatena_salina
K__Archaea;P__Euryarchaeota;C__Halobacteria;O__Halobacteriales;F__Haloarculaceae;G__Haloglomus;S__Haloglomus_halophilum	K__Archaea;P__Methanobacteriota;C__Halobacteria;O__Halobacteriales;F__Haloarculaceae;G__Haloglomus;S__Haloglomus_halophilum
K__Archaea;P__Euryarchaeota;C__Halobacteria;O__Halobacteriales;F__Haloarculaceae;G__Haloglomus;S__Haloglomus_litoreum	K__Archaea;P__Methanobacteriota;C__Halobacteria;O__Halobacteriales;F__Haloarculaceae;G__Haloglomus;S__Haloglomus_litoreum
K__Archaea;P__Euryarchaeota;C__Halobacteria;O__Halobacteriales;F__Haloarculaceae;G__Haloglomus;S__Haloglomus_salinum	K__Archaea;P__Methanobacteriota;C__Halobacteria;O__Halobacteriales;F__Haloarculaceae;G__Haloglomus;S__Haloglomus_salinum
K__Archaea;P__Euryarchaeota;C__Halobacteria;O__Halobacteriales;F__Haloarculaceae;G__Halomarina;S__Halomarina_salina	K__Archaea;P__Methanobacteriota;C__Halobacteria;O__Halobacteriales;F__Haloarculaceae;G__Halomarina;S__Halomarina_salina
K__Archaea;P__Euryarchaeota;C__Halobacteria;O__Halobacteriales;F__Haloarculaceae;G__Halomicroarcula;S__Halomicroarcula_laminariae	K__Archaea;P__Methanobacteriota;C__Halobacteria;O__Halobacteriales;F__Haloarculaceae;G__Halomicroarcula;S__Halomicroarcula_laminariae
K__Archaea;P__Euryarchaeota;C__Halobacteria;O__Halobacteriales;F__Haloarculaceae;G__Halomicroarcula;S__Halomicroarcula_marina	K__Archaea;P__Methanobacteriota;C__Halobacteria;O__Halobacteriales;F__Haloarculaceae;G__Halomicroarcula;S__Halomicroarcula_marina
K__Archaea;P__Euryarchaeota;C__Halobacteria;O__Halobacteriales;F__Haloarculaceae;G__Halomicroarcula;S__Halomicroarcula_onubensis	K__Archaea;P__Methanobacteriota;C__Halobacteria;O__Halobacteriales;F__Haloarculaceae;G__Halomicroarcula;S__Halomicroarcula_onubensis
K__Archaea;P__Euryarchaeota;C__Halobacteria;O__Halobacteriales;F__Haloarculaceae;G__Halomicroarcula;S__Halomicroarcula_salaria	K__Archaea;P__Methanobacteriota;C__Halobacteria;O__Halobacteriales;F__Haloarculaceae;G__Halomicroarcula;S__Halomicroarcula_salaria
K__Archaea;P__Euryarchaeota;C__Halobacteria;O__Halobacteriales;F__Haloarculaceae;G__Halomicroarcula;S__Halomicroarcula_saliterrae	K__Archaea;P__Methanobacteriota;C__Halobacteria;O__Halobacteriales;F__Haloarculaceae;G__Halomicroarcula;S__Halomicroarcula_saliterrae
K__Archaea;P__Euryarchaeota;C__Halobacteria;O__Halobacteriales;F__Haloarculaceae;G__Halorarius;S__Halorarius_halobius	K__Archaea;P__Methanobacteriota;C__Halobacteria;O__Halobacteriales;F__Haloarculaceae;G__Halorarius;S__Halorarius_halobius
K__Archaea;P__Euryarchaeota;C__Halobacteria;O__Halobacteriales;F__Haloarculaceae;G__Halorarius;S__Halorarius_litoreus	K__Archaea;P__Methanobacteriota;C__Halobacteria;O__Halobacteriales;F__Haloarculaceae;G__Halorarius;S__Halorarius_litoreus
K__Archaea;P__Euryarchaeota;C__Halobacteria;O__Halobacteriales;F__Haloarculaceae;G__Halorientalis;S__Halorientalis_litorea	K__Archaea;P__Methanobacteriota;C__Halobacteria;O__Halobacteriales;F__Haloarculaceae;G__Halorientalis;S__Halorientalis_litorea
K__Archaea;P__Euryarchaeota;C__Halobacteria;O__Halobacteriales;F__Haloarculaceae;G__Halorientalis;S__Halorientalis_marina	K__Archaea;P__Methanobacteriota;C__Halobacteria;O__Halobacteriales;F__Haloarculaceae;G__Halorientalis;S__Halorientalis_marina
K__Archaea;P__Euryarchaeota;C__Halobacteria;O__Halobacteriales;F__Haloarculaceae;G__Halorientalis;S__Halorientalis_salina	K__Archaea;P__Methanobacteriota;C__Halobacteria;O__Halobacteriales;F__Haloarculaceae;G__Halorientalis;S__Halorientalis_salina
K__Archaea;P__Euryarchaeota;C__Halobacteria;O__Halobacteriales;F__Haloarculaceae;G__Halosegnis;S__Halosegnis_marinus	K__Archaea;P__Methanobacteriota;C__Halobacteria;O__Halobacteriales;F__Natronomonadaceae;G__Halosegnis;S__Halosegnis_marinus
K__Archaea;P__Euryarchaeota;C__Halobacteria;O__Halobacteriales;F__Haloarculaceae;G__Halosimplex;S__Halosimplex_aquaticum	K__Archaea;P__Methanobacteriota;C__Halobacteria;O__Halobacteriales;F__Haloarculaceae;G__Halosimplex;S__Halosimplex_aquaticum
K__Archaea;P__Euryarchaeota;C__Halobacteria;O__Halobacteriales;F__Haloarculaceae;G__Natronomonas;S__Natronomonas_aquatica	K__Archaea;P__Methanobacteriota;C__Halobacteria;O__Halobacteriales;F__Natronomonadaceae;G__Natronomonas;S__Natronomonas_aquatica
K__Archaea;P__Euryarchaeota;C__Halobacteria;O__Halobacteriales;F__Haloarculaceae;G__Natronomonas;S__Natronomonas_marina	K__Archaea;P__Methanobacteriota;C__Halobacteria;O__Halobacteriales;F__Natronomonadaceae;G__Natronomonas;S__Natronomonas_marina
K__Archaea;P__Euryarchaeota;C__Halobacteria;O__Halobacteriales;F__Halobacteriaceae;G__Actinarchaeum;S__Actinarchaeum_halophilum	K__Archaea;P__Methanobacteriota;C__Halobacteria;O__Halobacteriales;F__Halobacteriaceae;G__Actinarchaeum;S__Actinarchaeum_halophilum
K__Archaea;P__Euryarchaeota;C__Halobacteria;O__Halobacteriales;F__Halobacteriaceae;G__Halobacterium;S__Halobacterium_hubeiense	K__Archaea;P__Methanobacteriota;C__Halobacteria;O__Halobacteriales;F__Halobacteriaceae;G__Halobacterium;S__Halobacterium_hubeiense
K__Archaea;P__Euryarchaeota;C__Halobacteria;O__Halobacteriales;F__Halobacteriaceae;G__Halobacterium;S__Halobacterium_litoreum	K__Archaea;P__Methanobacteriota;C__Halobacteria;O__Halobacteriales;F__Halobacteriaceae;G__Halobacterium;S__Halobacterium_litoreum
K__Archaea;P__Euryarchaeota;C__Halobacteria;O__Halobacteriales;F__Halobacteriaceae;G__Halobacterium;S__Halobacterium_wangiae	K__Archaea;P__Methanobacteriota;C__Halobacteria;O__Halobacteriales;F__Halobacteriaceae;G__Halobacterium;S__Halobacterium_wangiae
K__Archaea;P__Euryarchaeota;C__Halobacteria;O__Halobacteriales;F__Halobacteriaceae;G__Halobacterium;S__Halobacterium_zhouii	K__Archaea;P__Methanobacteriota;C__Halobacteria;O__Halobacteriales;F__Halobacteriaceae;G__Halobacterium;S__Halobacterium_zhouii
K__Archaea;P__Euryarchaeota;C__Halobacteria;O__Haloferacales;F__Haloferacaceae;G__Halobonum;S__Candidatus_Halobonum_tyrrellensis	K__Archaea;P__Methanobacteriota;C__Halobacteria;O__Halobacteriales;F__Haloferacaceae;G__Halobonum;S__Candidatus_Halobonum_tyrrellensis
K__Archaea;P__Euryarchaeota;C__Halobacteria;O__Haloferacales;F__Haloferacaceae;G__Haloferax;S__Haloferax_litoreum	K__Archaea;P__Methanobacteriota;C__Halobacteria;O__Halobacteriales;F__Haloferacaceae;G__Haloferax;S__Haloferax_litoreum
K__Archaea;P__Euryarchaeota;C__Halobacteria;O__Haloferacales;F__Haloferacaceae;G__Haloferax;S__Haloferax_marinisediminis	K__Archaea;P__Methanobacteriota;C__Halobacteria;O__Halobacteriales;F__Haloferacaceae;G__Haloferax;S__Haloferax_marinisediminis
K__Archaea;P__Euryarchaeota;C__Halobacteria;O__Haloferacales;F__Haloferacaceae;G__Haloprofundus;S__Haloprofundus_halobius	K__Archaea;P__Methanobacteriota;C__Halobacteria;O__Halobacteriales;F__Haloferacaceae;G__Haloprofundus;S__Haloprofundus_halobius
K__Archaea;P__Euryarchaeota;C__Halobacteria;O__Haloferacales;F__Haloferacaceae;G__Haloprofundus;S__Haloprofundus_halophilus	K__Archaea;P__Methanobacteriota;C__Halobacteria;O__Halobacteriales;F__Haloferacaceae;G__Haloprofundus;S__Haloprofundus_halophilus
K__Archaea;P__Euryarchaeota;C__Halobacteria;O__Haloferacales;F__Haloferacaceae;G__Haloprofundus;S__Haloprofundus_salilacus	K__Archaea;P__Methanobacteriota;C__Halobacteria;O__Halobacteriales;F__Haloferacaceae;G__Haloprofundus;S__Haloprofundus_salilacus
K__Archaea;P__Euryarchaeota;C__Halobacteria;O__Haloferacales;F__Haloferacaceae;G__Haloprofundus;S__Haloprofundus_salinisoli	K__Archaea;P__Methanobacteriota;C__Halobacteria;O__Halobacteriales;F__Haloferacaceae;G__Haloprofundus;S__Haloprofundus_salinisoli
K__Archaea;P__Euryarchaeota;C__Halobacteria;O__Haloferacales;F__Halorubraceae;G__Halohasta;S__Halohasta_salina	K__Archaea;P__Methanobacteriota;C__Halobacteria;O__Halobacteriales;F__Haloferacaceae;G__Halohasta;S__Halohasta_salina
K__Archaea;P__Euryarchaeota;C__Halobacteria;O__Haloferacales;F__Halorubraceae;G__Halorubrum;S__Halorubrum_depositum	K__Archaea;P__Methanobacteriota;C__Halobacteria;O__Halobacteriales;F__Haloferacaceae;G__Halorubrum;S__Halorubrum_depositum
K__Archaea;P__Euryarchaeota;C__Halobacteria;O__Haloferacales;F__Halorubraceae;G__Halorubrum;S__Halorubrum_hochsteinianum	K__Archaea;P__Methanobacteriota;C__Halobacteria;O__Halobacteriales;F__Haloferacaceae;G__Halorubrum;S__Halorubrum_hochsteinianum
K__Archaea;P__Euryarchaeota;C__Halobacteria;O__Haloferacales;F__Halorubraceae;G__Halorubrum;S__Halorubrum_hochstenium	K__Archaea;P__Methanobacteriota;C__Halobacteria;O__Halobacteriales;F__Haloferacaceae;G__Halorubrum;S__Halorubrum_hochstenium
K__Archaea;P__Euryarchaeota;C__Halobacteria;O__Haloferacales;F__Halorubraceae;G__Halorubrum;S__Halorubrum_ruber	K__Archaea;P__Methanobacteriota;C__Halobacteria;O__Halobacteriales;F__Haloferacaceae;G__Halorubrum;S__Halorubrum_ruber
K__Archaea;P__Euryarchaeota;C__Halobacteria;O__Halorutilales;F__Halorutilaceae;G__Halorutilus;S__Halorutilus_salinus	K__Archaea;P__Methanobacteriota;C__Halobacteria;O__Halorutilales;F__Halorutilaceae;G__Halorutilus;S__Halorutilus_salinus
K__Archaea;P__Euryarchaeota;C__Halobacteria;O__Natrialbales;F__Natrialbaceae;G__Halomontanus;S__Halomontanus_rarus	K__Archaea;P__Methanobacteriota;C__Halobacteria;O__Halobacteriales;F__Natrialbaceae;G__Halomontanus;S__Halomontanus_rarus
K__Archaea;P__Euryarchaeota;C__Halobacteria;O__Natrialbales;F__Natrialbaceae;G__Haloterrigena;S__Haloterrigena_gelatinilytica	K__Archaea;P__Methanobacteriota;C__Halobacteria;O__Halobacteriales;F__Natrialbaceae;G__Haloterrigena;S__Haloterrigena_gelatinilytica
K__Archaea;P__Euryarchaeota;C__Halobacteria;O__Natrialbales;F__Natrialbaceae;G__Natrinema;S__Natrinema_caseinilyticum	K__Archaea;P__Methanobacteriota;C__Halobacteria;O__Halobacteriales;F__Natrialbaceae;G__Natrinema;S__Natrinema_caseinilyticum
K__Archaea;P__Euryarchaeota;C__Halobacteria;O__Natrialbales;F__Natrialbaceae;G__Natrinema;S__Natrinema_gelatinilyticum	K__Archaea;P__Methanobacteriota;C__Halobacteria;O__Halobacteriales;F__Natrialbaceae;G__Natrinema;S__Natrinema_gelatinilyticum
K__Archaea;P__Euryarchaeota;C__Halobacteria;O__Natrialbales;F__Natrialbaceae;G__Natrinema;S__Natrinema_marinum	K__Archaea;P__Methanobacteriota;C__Halobacteria;O__Halobacteriales;F__Natrialbaceae;G__Natrinema;S__Natrinema_marinum
K__Archaea;P__Euryarchaeota;C__Halobacteria;O__Natrialbales;F__Natrialbaceae;G__Natrinema;S__Natrinema_salsiterrestre	K__Archaea;P__Methanobacteriota;C__Halobacteria;O__Halobacteriales;F__Natrialbaceae;G__Natrinema;S__Natrinema_salsiterrestre
K__Archaea;P__Euryarchaeota;C__Halobacteria;O__Natrialbales;F__Natrialbaceae;G__Natrinema;S__Natrinema_zhouii	K__Archaea;P__Methanobacteriota;C__Halobacteria;O__Halobacteriales;F__Natrialbaceae;G__Natrinema;S__Natrinema_zhouii
K__Archaea;P__Euryarchaeota;C__Halobacteria;O__Natrialbales;F__Natrialbaceae;G__Natronoglomus;S__Natronoglomus_mannanivorans	K__Archaea;P__Methanobacteriota;C__Halobacteria;O__Halobacteriales;F__Natrialbaceae;G__Natronoglomus;S__Natronoglomus_mannanivorans
K__Archaea;P__Euryarchaeota;C__Halobacteria;O__Natrialbales;F__Natrialbaceae;G__Natronorubrum;S__Natronorubrum_thiooxidans	K__Archaea;P__Methanobacteriota;C__Halobacteria;O__Halobacteriales;F__Natrialbaceae;G__Natronorubrum;S__Natronorubrum_thiooxidans
K__Archaea;P__Euryarchaeota;C__Methanobacteria;O__Methanobacteriales;F__Methanobacteriaceae;G__Methanobacterium;S__Methanobacterium_alkalithermotolerans	K__Archaea;P__Methanobacteriota;C__Methanobacteria;O__Methanobacteriales;F__Methanobacteriaceae;G__Methanobacterium;S__Methanobacterium_alkalithermotolerans
K__Archaea;P__Euryarchaeota;C__Methanococci;O__Methanococcales;F__;G__Methanofervidicoccus;S__Methanofervidicoccus_abyssi	K__Archaea;P__Methanobacteriota;C__Methanococci;O__Methanococcales;F__;G__Methanofervidicoccus;S__Methanofervidicoccus_abyssi
K__Archaea;P__Euryarchaeota;C__Methanococci;O__Methanococcales;F__Methanocaldococcaceae;G__Methanocaldococcus;S__Methanocaldococcus_lauensis	K__Archaea;P__Methanobacteriota;C__Methanococci;O__Methanococcales;F__Methanocaldococcaceae;G__Methanocaldococcus;S__Methanocaldococcus_lauensis
K__Archaea;P__Euryarchaeota;C__Methanomicrobia;O__Methanomicrobiales;F__Methanocorpusculaceae;G__;S__Methanocorpusculaceae_archaeon_Cs1	K__Archaea;P__Methanobacteriota;C__Methanomicrobia;O__Methanomicrobiales;F__Methanocorpusculaceae;G__;S__Methanocorpusculaceae_archaeon_Cs1
K__Archaea;P__Euryarchaeota;C__Methanomicrobia;O__Methanomicrobiales;F__Methanocorpusculaceae;G__Methanocorpusculum;S__Methanocorpusculum_petauri	K__Archaea;P__Methanobacteriota;C__Methanomicrobia;O__Methanomicrobiales;F__Methanocorpusculaceae;G__Methanocorpusculum;S__Methanocorpusculum_petauri
K__Archaea;P__Euryarchaeota;C__Methanomicrobia;O__Methanomicrobiales;F__Methanocorpusculaceae;G__Methanocorpusculum;S__Methanocorpusculum_vombati	K__Archaea;P__Methanobacteriota;C__Methanomicrobia;O__Methanomicrobiales;F__Methanocorpusculaceae;G__Methanocorpusculum;S__Methanocorpusculum_vombati
K__Archaea;P__Euryarchaeota;C__Methanomicrobia;O__Methanomicrobiales;F__Methanomicrobiaceae;G__Methanovulcanius;S__Methanovulcanius_yangii	K__Archaea;P__Methanobacteriota;C__Methanomicrobia;O__Methanomicrobiales;F__Methanomicrobiaceae;G__Methanovulcanius;S__Methanovulcanius_yangii
K__Archaea;P__Euryarchaeota;C__Methanomicrobia;O__Methanosarcinales;F__Candidatus_Methanoperedenaceae;G__Methanoperedens;S__Candidatus_Methanoperedens_nitroreducens	K__Archaea;P__Methanobacteriota;C__Methanomicrobia;O__Methanosarcinales;F__Candidatus_Methanoperedenaceae;G__Methanoperedens;S__Candidatus_Methanoperedens_nitroreducens
K__Archaea;P__Euryarchaeota;C__Methanomicrobia;O__Methanosarcinales;F__Methanosarcinaceae;G__;S__Methanosarcinaceae_archaeon_Ag5	K__Archaea;P__Methanobacteriota;C__Methanomicrobia;O__Methanosarcinales;F__Methanosarcinaceae;G__;S__Methanosarcinaceae_archaeon_Ag5
K__Archaea;P__Euryarchaeota;C__Methanomicrobia;O__Methanosarcinales;F__Methanosarcinaceae;G__;S__Methanosarcinaceae_archaeon_Am2	K__Archaea;P__Methanobacteriota;C__Methanomicrobia;O__Methanosarcinales;F__Methanosarcinaceae;G__;S__Methanosarcinaceae_archaeon_Am2
K__Archaea;P__Euryarchaeota;C__Methanomicrobia;O__Methanosarcinales;F__Methanosarcinaceae;G__Methanimicrococcus;S__Methanimicrococcus_sp._At1	K__Archaea;P__Methanobacteriota;C__Methanomicrobia;O__Methanosarcinales;F__Methanosarcinaceae;G__Methanimicrococcus;S__Methanimicrococcus_sp._At1
K__Archaea;P__Euryarchaeota;C__Methanomicrobia;O__Methanosarcinales;F__Methanosarcinaceae;G__Methanohalophilus;S__Methanohalophilus_euhalobius	K__Archaea;P__Methanobacteriota;C__Methanomicrobia;O__Methanosarcinales;F__Methanosarcinaceae;G__Methanohalophilus;S__Methanohalophilus_euhalobius
K__Archaea;P__Euryarchaeota;C__Methanomicrobia;O__Methanosarcinales;F__Methanosarcinaceae;G__Methanolobus;S__Methanolobus_mangrovi	K__Archaea;P__Methanobacteriota;C__Methanomicrobia;O__Methanosarcinales;F__Methanosarcinaceae;G__Methanolobus;S__Methanolobus_mangrovi
K__Archaea;P__Euryarchaeota;C__Methanomicrobia;O__Methanosarcinales;F__Methanosarcinaceae;G__Methanolobus;S__Methanolobus_sediminis	K__Archaea;P__Methanobacteriota;C__Methanomicrobia;O__Methanosarcinales;F__Methanosarcinaceae;G__Methanolobus;S__Methanolobus_sediminis
K__Archaea;P__Euryarchaeota;C__Methanomicrobia;O__Methanotrichales;F__Methanotrichaceae;G__Methanocrinis;S__Candidatus_Methanocrinis_alkalitolerans	K__Archaea;P__Methanobacteriota;C__Methanomicrobia;O__Methanotrichales;F__Methanotrichaceae;G__Methanocrinis;S__Candidatus_Methanocrinis_alkalitolerans
K__Archaea;P__Euryarchaeota;C__Methanomicrobia;O__Methanotrichales;F__Methanotrichaceae;G__Methanocrinis;S__Candidatus_Methanocrinis_natronophilus	K__Archaea;P__Methanobacteriota;C__Methanomicrobia;O__Methanotrichales;F__Methanotrichaceae;G__Methanocrinis;S__Candidatus_Methanocrinis_natronophilus
K__Archaea;P__Methanobacteriota;C__Halobacteria;O__Halobacteriales;F__Haloarculaceae;G__Natronomonas;S__Natronomonas_amylolytica	K__Archaea;P__Methanobacteriota;C__Halobacteria;O__Halobacteriales;F__Natronomonadaceae;G__Natronomonas;S__Natronomonas_amylolytica
K__Archaea;P__Methanobacteriota;C__Halobacteria;O__Halobacteriales;F__Natronomonadaceae;G__Halocatena;S__Halocatena_pleomorpha_strain_SPP-AMP-1	K__Archaea;P__Methanobacteriota;C__Halobacteria;O__Halobacteriales;F__Haloarculaceae;G__Halocatena;S__Halocatena_pleomorpha_strain_SPP-AMP-1
K__Archaea;P__Methanobacteriota;C__Halobacteria;O__Halobacteriales;F__Natronomonadaceae;G__Haloglomus;S__Haloglomus_irregulare_strain_F16-60	K__Archaea;P__Methanobacteriota;C__Halobacteria;O__Halobacteriales;F__Haloarculaceae;G__Haloglomus;S__Haloglomus_irregulare_strain_F16-60
K__Archaea;P__Methanobacteriota;C__Halobacteria;O__Halobacteriales;F__Natronomonadaceae;G__Halomarina;S__Halomarina_oriensis_strain_KeC-11	K__Archaea;P__Methanobacteriota;C__Halobacteria;O__Halobacteriales;F__Haloarculaceae;G__Halomarina;S__Halomarina_oriensis_strain_KeC-11
K__Archaea;P__Methanobacteriota;C__Halobacteria;O__Halobacteriales;F__Natronomonadaceae;G__Halomarina;S__Halomarina_rubra_strain_ZS-47-S	K__Archaea;P__Methanobacteriota;C__Halobacteria;O__Halobacteriales;F__Haloarculaceae;G__Halomarina;S__Halomarina_rubra_strain_ZS-47-S
K__Archaea;P__Nanoarchaeota;C__Candidatus_Nanoarchaeia;O__Nanoarchaeales;F__Nanopusillaceae;G__Nanobsidianus;S__Candidatus_Nanobsidianus_stetteri	K__Archaea;P__Nanobdellota;C__Candidatus_Nanoarchaeia;O__Nanoarchaeales;F__Nanopusillaceae;G__Candidatus_Nanobsidianus;S__Candidatus_Nanobsidianus_stetteri
K__Archaea;P__Nitrososphaerota;C__;O__;F__;G__Nitrosotalea;S__Candidatus_Nitrosotalea_bavarica	K__Archaea;P__Nitrososphaerota;C__Nitrososphaeria;O__Nitrosotaleales;F__Nitrosotaleaceae;G__Nitrosotalea;S__Candidatus_Nitrosotalea_bavarica
K__Archaea;P__Nitrososphaerota;C__;O__;F__;G__Nitrosotalea;S__Candidatus_Nitrosotalea_okcheonensis	K__Archaea;P__Nitrososphaerota;C__Nitrososphaeria;O__Nitrosotaleales;F__Nitrosotaleaceae;G__Nitrosotalea;S__Candidatus_Nitrosotalea_okcheonensis
K__Archaea;P__Nitrososphaerota;C__;O__;F__;G__Nitrosotalea;S__Candidatus_Nitrosotalea_sinensis	K__Archaea;P__Nitrososphaerota;C__Nitrososphaeria;O__Nitrosotaleales;F__Nitrosotaleaceae;G__Nitrosotalea;S__Candidatus_Nitrosotalea_sinensis
K__Archaea;P__Nitrososphaerota;C__Nitrososphaeria;O__Nitrososphaerales;F__Nitrososphaeraceae;G__Candidatus_Nitrosocosmicus;S__Candidatus_Nitrosocosmicus_oleophilus	K__Archaea;P__Nitrososphaerota;C__Nitrososphaeria;O__Nitrososphaerales;F__Nitrososphaeraceae;G__Nitrosocosmicus;S__Candidatus_Nitrosocosmicus_oleophilus
K__Archaea;P__Promethearchaeota;C__Promethearchaeia;O__Promethearchaeales;F__Promethearchaeaceae;G__Promethearchaeum;S__Promethearchaeum_syntrophicum_strain_MK-D1	K__Archaea;P__Candidatus_Lokiarchaeota;C__Candidatus_Lokiarchaeia;O__Promethearchaeales;F__Promethearchaeaceae;G__Promethearchaeum;S__Promethearchaeum_syntrophicum_strain_MK-D1
K__Bacteria;P__Actinomycetota;C__Actinomycetes;O__Kitasatosporales;F__Streptomycetaceae;G__Streptomyces;S__'Streptomyces_viridis'_(Lombardo-Pellegrino_1903)_Waksman_1953_strain_NBRC_13373	K__Bacteria;P__Actinomycetota;C__Actinomycetes;O__Kitasatosporales;F__Streptomycetaceae;G__Streptomyces;S__Streptomyces_viridis'_(Lombardo-Pellegrino_1903)_Waksman_1953_strain_NBRC_13373
K__Bacteria;P__Actinomycetota;C__Actinomycetes;O__Micrococcales;F__Microbacteriaceae;G__Orlajensenia;S__Leifsonia_flava_strain_SYP-B2174	K__Bacteria;P__Actinomycetota;C__Actinomycetes;O__Micrococcales;F__Microbacteriaceae;G__Orlajensenia;S__Orlajensenia_flava_strain_SYP-B2174
K__Bacteria;P__Actinomycetota;C__Actinomycetes;O__Micromonosporales;F__Micromonosporaceae;G__Micromonospora;S__Verrucosispora_rhizosphaerae_strain_personal::2603PH03	K__Bacteria;P__Actinomycetota;C__Actinomycetes;O__Micromonosporales;F__Micromonosporaceae;G__Micromonospora;S__Micromonospora_rhizosphaerae_strain_personal::2603PH03
K__Bacteria;P__Actinomycetota;C__Actinomycetes;O__Streptosporangiales;F__Nocardiopsaceae;G__Lipingzhangella;S__Lipingzhangella_rawalii	K__Bacteria;P__Actinomycetota;C__Actinomycetes;O__Streptosporangiales;F__Nocardiopsidaceae;G__Lipingzhangella;S__Lipingzhangella_rawalii
K__Bacteria;P__Actinomycetota;C__Actinomycetes;O__Streptosporangiales;F__Nocardiopsaceae;G__Nocardiopsis;S__Nocardiopsis_akebiae	K__Bacteria;P__Actinomycetota;C__Actinomycetes;O__Streptosporangiales;F__Nocardiopsidaceae;G__Nocardiopsis;S__Nocardiopsis_akebiae
K__Bacteria;P__Actinomycetota;C__Actinomycetes;O__Streptosporangiales;F__Nocardiopsaceae;G__Nocardiopsis;S__Nocardiopsis_changdeensis	K__Bacteria;P__Actinomycetota;C__Actinomycetes;O__Streptosporangiales;F__Nocardiopsidaceae;G__Nocardiopsis;S__Nocardiopsis_changdeensis
K__Bacteria;P__Actinomycetota;C__Actinomycetes;O__Streptosporangiales;F__Nocardiopsaceae;G__Nocardiopsis;S__Nocardiopsis_deserti	K__Bacteria;P__Actinomycetota;C__Actinomycetes;O__Streptosporangiales;F__Nocardiopsidaceae;G__Nocardiopsis;S__Nocardiopsis_deserti
K__Bacteria;P__Actinomycetota;C__Actinomycetes;O__Streptosporangiales;F__Nocardiopsaceae;G__Nocardiopsis;S__Nocardiopsis_endophytica	K__Bacteria;P__Actinomycetota;C__Actinomycetes;O__Streptosporangiales;F__Nocardiopsidaceae;G__Nocardiopsis;S__Nocardiopsis_endophytica
K__Bacteria;P__Actinomycetota;C__Actinomycetes;O__Streptosporangiales;F__Nocardiopsaceae;G__Nocardiopsis;S__Nocardiopsis_suaedae	K__Bacteria;P__Actinomycetota;C__Actinomycetes;O__Streptosporangiales;F__Nocardiopsidaceae;G__Nocardiopsis;S__Nocardiopsis_suaedae
K__Bacteria;P__Bacillota;C__Bacilli;O__Bacillales;F__Bacillaceae;G__Fictibacillus;S__Fictibacillus_fluitans	K__Bacteria;P__Bacillota;C__Bacilli;O__Bacillales;F__Fictibacillaceae;G__Fictibacillus;S__Fictibacillus_fluitans
K__Bacteria;P__Bacillota;C__Bacilli;O__Bacillales;F__Bacillaceae;G__Fictibacillus;S__Fictibacillus_marinisediminis	K__Bacteria;P__Bacillota;C__Bacilli;O__Bacillales;F__Fictibacillaceae;G__Fictibacillus;S__Fictibacillus_marinisediminis
K__Bacteria;P__Bacillota;C__Bacilli;O__Bacillales;F__Bacillaceae;G__Fictibacillus;S__Fictibacillus_norfolkensis	K__Bacteria;P__Bacillota;C__Bacilli;O__Bacillales;F__Fictibacillaceae;G__Fictibacillus;S__Fictibacillus_norfolkensis
K__Bacteria;P__Bacillota;C__Bacilli;O__Bacillales;F__Bacillaceae;G__Pseudalkalibacillus;S__Pseudalkalibacillus_sedimenti	K__Bacteria;P__Bacillota;C__Bacilli;O__Bacillales;F__Fictibacillaceae;G__Pseudalkalibacillus;S__Pseudalkalibacillus_sedimenti
K__Bacteria;P__Bacillota;C__Bacilli;O__Bacillales;F__Guptibacillaceae;G__Guptibacillus;S__Pseudalkalibacillus_hwajinpoensis_strain_SW-72	K__Bacteria;P__Bacillota;C__Bacilli;O__Bacillales;F__Guptibacillaceae;G__Guptibacillus;S__Guptibacillus_hwajinpoensis_strain_SW-72
K__Bacteria;P__Bacillota;C__Bacilli;O__Lactobacillales;F__Streptococcaceae;G__Pseudolactococcus;S__Lactococcus_insecticola_strain_Hs20B0_1	K__Bacteria;P__Bacillota;C__Bacilli;O__Lactobacillales;F__Streptococcaceae;G__Pseudolactococcus;S__Pseudolactococcus_insecticola_strain_Hs20B0_1
K__Bacteria;P__Bacillota;C__Clostridia;O__Eubacteriales;F__Clostridiaceae;G__Hungatella;S__Hungatella_hominis	K__Bacteria;P__Bacillota;C__Clostridia;O__Lachnospirales;F__Lachnospiraceae;G__Hungatella;S__Hungatella_hominis
K__Bacteria;P__Bacillota;C__Clostridia;O__Neomoorellales;F__Desulfitibacteraceae;G__Desulfitibacter;S__Desulfitibacter_alkalitolerans_strain_sk.kt5	K__Bacteria;P__Bacillota;C__Clostridia;O__Moorellales;F__Desulfitibacteraceae;G__Desulfitibacter;S__Desulfitibacter_alkalitolerans_strain_sk.kt5
K__Bacteria;P__Bacteroidota;C__Chitinophagia;O__Chitinophagales;F__Chitinophagaceae;G__Flaviaestuariibacter;S__Flaviaesturariibacter_amylovorans_strain_GCR0105	K__Bacteria;P__Bacteroidota;C__Chitinophagia;O__Chitinophagales;F__Chitinophagaceae;G__Flaviaestuariibacter;S__Flaviaestuariibacter_amylovorans_strain_GCR0105
K__Bacteria;P__Bacteroidota;C__Chitinophagia;O__Chitinophagales;F__Chitinophagaceae;G__Flaviaestuariibacter;S__Flaviaesturariibacter_aridisoli_strain_17J68-15	K__Bacteria;P__Bacteroidota;C__Chitinophagia;O__Chitinophagales;F__Chitinophagaceae;G__Flaviaestuariibacter;S__Flaviaestuariibacter_aridisoli_strain_17J68-15
K__Bacteria;P__Bacteroidota;C__Chitinophagia;O__Chitinophagales;F__Chitinophagaceae;G__Flaviaestuariibacter;S__Flaviaesturariibacter_flavus_strain_17J68-12	K__Bacteria;P__Bacteroidota;C__Chitinophagia;O__Chitinophagales;F__Chitinophagaceae;G__Flaviaestuariibacter;S__Flaviaestuariibacter_flavus_strain_17J68-12
K__Bacteria;P__Bacteroidota;C__Chitinophagia;O__Chitinophagales;F__Chitinophagaceae;G__Flaviaestuariibacter;S__Flaviaesturariibacter_luteus_strain_AW305	K__Bacteria;P__Bacteroidota;C__Chitinophagia;O__Chitinophagales;F__Chitinophagaceae;G__Flaviaestuariibacter;S__Flaviaestuariibacter_luteus_strain_AW305
K__Bacteria;P__Bacteroidota;C__Chitinophagia;O__Chitinophagales;F__Chitinophagaceae;G__Flaviaestuariibacter;S__Flaviaesturariibacter_terrae_strain_HY03	K__Bacteria;P__Bacteroidota;C__Chitinophagia;O__Chitinophagales;F__Chitinophagaceae;G__Flaviaestuariibacter;S__Flaviaestuariibacter_terrae_strain_HY03
K__Bacteria;P__Bacteroidota;C__Flavobacteriia;O__Flavobacteriales;F__Flavobacteriaceae;G__Allotamlana;S__Tamlana_fucoidanivorans_strain_CW2-9	K__Bacteria;P__Bacteroidota;C__Flavobacteriia;O__Flavobacteriales;F__Flavobacteriaceae;G__Allotamlana;S__Allotamlana_fucoidanivorans_strain_CW2-9
K__Bacteria;P__Bacteroidota;C__Flavobacteriia;O__Flavobacteriales;F__Flavobacteriaceae;G__Pseudotamlana;S__Tamlana_haliotis_strain_B1N29	K__Bacteria;P__Bacteroidota;C__Flavobacteriia;O__Flavobacteriales;F__Flavobacteriaceae;G__Pseudotamlana;S__Pseudotamlana_haliotis_strain_B1N29
K__Bacteria;P__Chlamydiota;C__Chlamydiia;O__Parachlamydiales;F__Candidatus_Criblamydiaceae;G__Estrella;S__Estrella_lausannensis_strain_CRIB_30	K__Bacteria;P__Chlamydiota;C__Chlamydiia;O__Parachlamydiales;F__Criblamydiaceae;G__Estrella;S__Estrella_lausannensis_strain_CRIB_30
K__Bacteria;P__Cyanobacteriota;C__Cyanophyceae;O__Nostocales;F__Aphanizomenonaceae;G__Nodularia;S__Nodularia_harveyana	K__Bacteria;P__Cyanobacteriota;C__Cyanophyceae;O__Nostocales;F__Nodulariaceae;G__Nodularia;S__Nodularia_harveyana
K__Bacteria;P__Cyanobacteriota;C__Cyanophyceae;O__Nostocales;F__Nodulariaceae;G__Anabaenopsis;S__Anabaenopsis_arnoldii	K__Bacteria;P__Cyanobacteriota;C__Cyanophyceae;O__Nostocales;F__Aphanizomenonaceae;G__Anabaenopsis;S__Anabaenopsis_arnoldii
K__Bacteria;P__Gemmatimonadota;C__Gemmatimonadetes;O__Gemmatimonadales;F__Gemmatimonadaceae;G__Gemmatimonas;S__Gemmatimonas_groenlandica	K__Bacteria;P__Gemmatimonadota;C__Gemmatimonadia;O__Gemmatimonadales;F__Gemmatimonadaceae;G__Gemmatimonas;S__Gemmatimonas_groenlandica
K__Bacteria;P__Mycoplasmatota;C__Mollicutes;O__Acholeplasmatales;F__Acholeplasmataceae;G__Phytoplasma;S__Candidatus_Phytoplasma_sacchari	K__Bacteria;P__Mycoplasmatota;C__Mollicutes;O__Acholeplasmatales;F__Acholeplasmataceae;G__Candidatus_Phytoplasma;S__Candidatus_Phytoplasma_sacchari
K__Bacteria;P__Mycoplasmatota;C__Mollicutes;O__Acholeplasmatales;F__Acholeplasmataceae;G__Phytoplasma;S__Candidatus_Phytoplasma_solani	K__Bacteria;P__Mycoplasmatota;C__Mollicutes;O__Acholeplasmatales;F__Acholeplasmataceae;G__Candidatus_Phytoplasma;S__Candidatus_Phytoplasma_solani
K__Bacteria;P__Pseudomonadota;C__Alphaproteobacteria;O__Acetobacterales;F__Acetobacteraceae;G__Neoroseomonas;S__Roseomonas_rubea_strain_MO17	K__Bacteria;P__Pseudomonadota;C__Alphaproteobacteria;O__Acetobacterales;F__Acetobacteraceae;G__Neoroseomonas;S__Neoroseomonas_rubea_strain_MO17
K__Bacteria;P__Pseudomonadota;C__Alphaproteobacteria;O__Acetobacterales;F__Roseomonadaceae;G__Falsiroseomonas;S__Roseomonas_ponticola_strain_SYSU_M41301	K__Bacteria;P__Pseudomonadota;C__Alphaproteobacteria;O__Acetobacterales;F__Roseomonadaceae;G__Falsiroseomonas;S__Falsiroseomonas_ponticola_strain_SYSU_M41301
K__Bacteria;P__Pseudomonadota;C__Alphaproteobacteria;O__Acetobacterales;F__Roseomonadaceae;G__Muricoccus;S__Roseomonas_nepalensis_strain_G-3-5	K__Bacteria;P__Pseudomonadota;C__Alphaproteobacteria;O__Acetobacterales;F__Roseomonadaceae;G__Muricoccus;S__Muricoccus_nepalensis_strain_G-3-5
K__Bacteria;P__Pseudomonadota;C__Alphaproteobacteria;O__Acetobacterales;F__Roseomonadaceae;G__Muricoccus;S__Roseomonas_radiodurans_strain_17Sr1-1	K__Bacteria;P__Pseudomonadota;C__Alphaproteobacteria;O__Acetobacterales;F__Roseomonadaceae;G__Muricoccus;S__Muricoccus_radiodurans_strain_17Sr1-1
K__Bacteria;P__Pseudomonadota;C__Alphaproteobacteria;O__Hyphomicrobiales;F__Beijerinckiaceae;G__Rhodoblastus;S__Candidatus_Rhodoblastus_alkanivorans	K__Bacteria;P__Pseudomonadota;C__Alphaproteobacteria;O__Hyphomicrobiales;F__Rhodoblastaceae;G__Rhodoblastus;S__Candidatus_Rhodoblastus_alkanivorans
K__Bacteria;P__Pseudomonadota;C__Alphaproteobacteria;O__Hyphomicrobiales;F__Phyllobacteriaceae;G__Borborobacter;S__Pseudaminobacter_arsenicus_strain_CB3	K__Bacteria;P__Pseudomonadota;C__Alphaproteobacteria;O__Hyphomicrobiales;F__Phyllobacteriaceae;G__Borborobacter;S__Borborobacter_arsenicus_strain_CB3
K__Bacteria;P__Pseudomonadota;C__Alphaproteobacteria;O__Hyphomicrobiales;F__Phyllobacteriaceae;G__Hoeflea;S__Hoeflea_algicola	K__Bacteria;P__Pseudomonadota;C__Alphaproteobacteria;O__Hyphomicrobiales;F__Rhizobiaceae;G__Hoeflea;S__Hoeflea_algicola
K__Bacteria;P__Pseudomonadota;C__Alphaproteobacteria;O__Hyphomicrobiales;F__Phyllobacteriaceae;G__Hoeflea;S__Hoeflea_poritis	K__Bacteria;P__Pseudomonadota;C__Alphaproteobacteria;O__Hyphomicrobiales;F__Rhizobiaceae;G__Hoeflea;S__Hoeflea_poritis
K__Bacteria;P__Pseudomonadota;C__Alphaproteobacteria;O__Hyphomicrobiales;F__Phyllobacteriaceae;G__Hoeflea;S__Hoeflea_ulvae	K__Bacteria;P__Pseudomonadota;C__Alphaproteobacteria;O__Hyphomicrobiales;F__Rhizobiaceae;G__Hoeflea;S__Hoeflea_ulvae
K__Bacteria;P__Pseudomonadota;C__Alphaproteobacteria;O__Hyphomicrobiales;F__Phyllobacteriaceae;G__Neoaquamicrobium;S__Mesorhizobium_microcysteis_strain_MaA-C15	K__Bacteria;P__Pseudomonadota;C__Alphaproteobacteria;O__Hyphomicrobiales;F__Phyllobacteriaceae;G__Neoaquamicrobium;S__Neoaquamicrobium_microcysteis_strain_MaA-C15
K__Bacteria;P__Pseudomonadota;C__Alphaproteobacteria;O__Hyphomicrobiales;F__Phyllobacteriaceae;G__Terribium;S__Mesorhizobium_terrae_strain_NIBRBAC000500504	K__Bacteria;P__Pseudomonadota;C__Alphaproteobacteria;O__Hyphomicrobiales;F__Phyllobacteriaceae;G__Terribium;S__Terribium_terrae_strain_NIBRBAC000500504
K__Bacteria;P__Pseudomonadota;C__Alphaproteobacteria;O__Magnetococcales;F__Candidatus_Magnetaquicoccaceae;G__Magnetaquicoccus;S__Candidatus_Magnetaquicoccus_inordinatus	K__Bacteria;P__Pseudomonadota;C__Magnetococcia;O__Magnetococcales;F__Candidatus_Magnetaquicoccaceae;G__Magnetaquicoccus;S__Candidatus_Magnetaquicoccus_inordinatus
K__Bacteria;P__Pseudomonadota;C__Alphaproteobacteria;O__Parvularculales;F__Parvularculaceae;G__Hyphococcus;S__Marinicaulis_flavus_strain_SY-3-19	K__Bacteria;P__Pseudomonadota;C__Alphaproteobacteria;O__Parvularculales;F__Parvularculaceae;G__Hyphococcus;S__Hyphococcus_flavus_strain_SY-3-19
K__Bacteria;P__Pseudomonadota;C__Alphaproteobacteria;O__Rhodobacterales;F__;G__Paenirhodobacter;S__Sinirhodobacter_huangdaonensis_strain_L3	K__Bacteria;P__Pseudomonadota;C__Alphaproteobacteria;O__Rhodobacterales;F__;G__Paenirhodobacter;S__Paenirhodobacter_huangdaonensis_strain_L3
K__Bacteria;P__Pseudomonadota;C__Alphaproteobacteria;O__Rhodobacterales;F__;G__Paenirhodobacter;S__Sinirhodobacter_populi_strain_sk2b1	K__Bacteria;P__Pseudomonadota;C__Alphaproteobacteria;O__Rhodobacterales;F__;G__Paenirhodobacter;S__Paenirhodobacter_populi_strain_sk2b1
K__Bacteria;P__Pseudomonadota;C__Alphaproteobacteria;O__Rhodobacterales;F__Paracoccaceae;G__Albidovulum;S__Defluviimonas_salinarum	K__Bacteria;P__Pseudomonadota;C__Alphaproteobacteria;O__Rhodobacterales;F__Paracoccaceae;G__Albidovulum;S__Albidovulum_salinarum
K__Bacteria;P__Pseudomonadota;C__Alphaproteobacteria;O__Rhodobacterales;F__Paracoccaceae;G__Aliitabrizicola;S__Alitabrizicola_rongguiensis	K__Bacteria;P__Pseudomonadota;C__Alphaproteobacteria;O__Rhodobacterales;F__Paracoccaceae;G__Aliitabrizicola;S__Aliitabrizicola_rongguiensis
K__Bacteria;P__Pseudomonadota;C__Alphaproteobacteria;O__Rhodobacterales;F__Paracoccaceae;G__Falsirhodobacter;S__Rhodobacter_xinxiangensis_strain_TJ48	K__Bacteria;P__Pseudomonadota;C__Alphaproteobacteria;O__Rhodobacterales;F__Paracoccaceae;G__Falsirhodobacter;S__Falsirhodobacter_xinxiangensis_strain_TJ48
K__Bacteria;P__Pseudomonadota;C__Alphaproteobacteria;O__Rhodobacterales;F__Paracoccaceae;G__Paragemmobacter;S__Rhodobacter_amnigenus_strain_HSP-20	K__Bacteria;P__Pseudomonadota;C__Alphaproteobacteria;O__Rhodobacterales;F__Paracoccaceae;G__Paragemmobacter;S__Paragemmobacter_amnigenus_strain_HSP-20
K__Bacteria;P__Pseudomonadota;C__Alphaproteobacteria;O__Rhodobacterales;F__Paracoccaceae;G__Paragemmobacter;S__Rhodobacter_ruber_strain_CCP-1	K__Bacteria;P__Pseudomonadota;C__Alphaproteobacteria;O__Rhodobacterales;F__Paracoccaceae;G__Paragemmobacter;S__Paragemmobacter_ruber_strain_CCP-1
K__Bacteria;P__Pseudomonadota;C__Alphaproteobacteria;O__Rhodobacterales;F__Paracoccaceae;G__Paramylibacter;S__Amylibacter_kogurei_strain_4G11	K__Bacteria;P__Pseudomonadota;C__Alphaproteobacteria;O__Rhodobacterales;F__Paracoccaceae;G__Paramylibacter;S__Paramylibacter_kogurei_strain_4G11
K__Bacteria;P__Pseudomonadota;C__Alphaproteobacteria;O__Rhodobacterales;F__Paracoccaceae;G__Pontivivens;S__Monaibacterium_marinum_strain_C7	K__Bacteria;P__Pseudomonadota;C__Alphaproteobacteria;O__Rhodobacterales;F__Paracoccaceae;G__Pontivivens;S__Pontivivens_marinum_strain_C7
K__Bacteria;P__Pseudomonadota;C__Alphaproteobacteria;O__Rhodobacterales;F__Paracoccaceae;G__Pontivivens;S__Pontibrevibacter_nitratireducens_strain_h42	K__Bacteria;P__Pseudomonadota;C__Alphaproteobacteria;O__Rhodobacterales;F__Paracoccaceae;G__Pontivivens;S__Pontivivens_nitratireducens_strain_h42
K__Bacteria;P__Pseudomonadota;C__Alphaproteobacteria;O__Rhodobacterales;F__Roseobacteraceae;G__Parasulfitobacter;S__Sulfitobacter_algicola_strain_1151	K__Bacteria;P__Pseudomonadota;C__Alphaproteobacteria;O__Rhodobacterales;F__Roseobacteraceae;G__Parasulfitobacter;S__Parasulfitobacter_algicola_strain_1151
K__Bacteria;P__Pseudomonadota;C__Alphaproteobacteria;O__Sphingomonadales;F__Erythrobacteraceae;G__Caenibius;S__Altererythrobacter_fulvus_strain_S-54	K__Bacteria;P__Pseudomonadota;C__Alphaproteobacteria;O__Sphingomonadales;F__Erythrobacteraceae;G__Caenibius;S__Caenibius_fulvus_strain_S-54
K__Bacteria;P__Pseudomonadota;C__Alphaproteobacteria;O__Sphingomonadales;F__Rhizorhabdaceae;G__Alterirhizorhabdus;S__Sphingomonas_solaris_strain_R4DWN	K__Bacteria;P__Pseudomonadota;C__Alphaproteobacteria;O__Sphingomonadales;F__Rhizorhabdaceae;G__Alterirhizorhabdus;S__Alterirhizorhabdus_solaris_strain_R4DWN
K__Bacteria;P__Pseudomonadota;C__Alphaproteobacteria;O__Sphingomonadales;F__Sphingomonadaceae;G__Allosphingosinicella;S__Sphingosinicella_flava_strain_UDD2	K__Bacteria;P__Pseudomonadota;C__Alphaproteobacteria;O__Sphingomonadales;F__Sphingomonadaceae;G__Allosphingosinicella;S__Allosphingosinicella_flava_strain_UDD2
K__Bacteria;P__Pseudomonadota;C__Alphaproteobacteria;O__Sphingomonadales;F__Sphingomonadaceae;G__Allosphingosinicella;S__Sphingosinicella_humi_strain_QZX222	K__Bacteria;P__Pseudomonadota;C__Alphaproteobacteria;O__Sphingomonadales;F__Sphingomonadaceae;G__Allosphingosinicella;S__Allosphingosinicella_humi_strain_QZX222
K__Bacteria;P__Pseudomonadota;C__Betaproteobacteria;O__Burkholderiales;F__Alcaligenaceae;G__Schauerella;S__Achromobacter_aestuarii_strain_KS-M25	K__Bacteria;P__Pseudomonadota;C__Betaproteobacteria;O__Burkholderiales;F__Alcaligenaceae;G__Schauerella;S__Schauerella_aestuarii_strain_KS-M25
K__Bacteria;P__Pseudomonadota;C__Betaproteobacteria;O__Burkholderiales;F__Burkholderiaceae;G__Burkholderia;S__'Burkholderia_humi'_Srinivasan_et_al._2013_strain_Rs7	K__Bacteria;P__Pseudomonadota;C__Betaproteobacteria;O__Burkholderiales;F__Burkholderiaceae;G__Burkholderia;S__Burkholderia_humi'_Srinivasan_et_al._2013_strain_Rs7
K__Bacteria;P__Pseudomonadota;C__Betaproteobacteria;O__Burkholderiales;F__Sphaerotilaceae;G__Piscinibacter;S__Schlegelella_koreensis_strain_ID0723	K__Bacteria;P__Pseudomonadota;C__Betaproteobacteria;O__Burkholderiales;F__Sphaerotilaceae;G__Piscinibacter;S__Piscinibacter_koreensis_strain_ID0723
K__Bacteria;P__Pseudomonadota;C__Betaproteobacteria;O__Burkholderiales;F__Sphaerotilaceae;G__Pseudaquabacterium;S__Aquabacterium_terrae_strain_S2	K__Bacteria;P__Pseudomonadota;C__Betaproteobacteria;O__Burkholderiales;F__Sphaerotilaceae;G__Pseudaquabacterium;S__Pseudaquabacterium_terrae_strain_S2
K__Bacteria;P__Pseudomonadota;C__Betaproteobacteria;O__Burkholderiales;F__Sphaerotilaceae;G__Roseateles;S__Kinneretia_aquatilis	K__Bacteria;P__Pseudomonadota;C__Betaproteobacteria;O__Burkholderiales;F__Sphaerotilaceae;G__Roseateles;S__Roseateles_aquatilis
K__Bacteria;P__Pseudomonadota;C__Gammaproteobacteria;O__Enterobacterales;F__Enterobacteriaceae;G__Escherichia;S__Escherichia_albertii_strain_Albert_19982	K__Bacteria;P__Pseudomonadota;C__Gammaproteobacteria;O__Enterobacterales;F__Enterobacteriaceae;G__Escherichia-Shigella;S__Escherichia_albertii_strain_Albert_19982
K__Bacteria;P__Pseudomonadota;C__Gammaproteobacteria;O__Enterobacterales;F__Enterobacteriaceae;G__Escherichia;S__Escherichia_coli_strain_JCM_1649	K__Bacteria;P__Pseudomonadota;C__Gammaproteobacteria;O__Enterobacterales;F__Enterobacteriaceae;G__Escherichia-Shigella;S__Escherichia_coli_strain_JCM_1649
K__Bacteria;P__Pseudomonadota;C__Gammaproteobacteria;O__Enterobacterales;F__Enterobacteriaceae;G__Escherichia;S__Escherichia_coli_strain_NBRC_102203	K__Bacteria;P__Pseudomonadota;C__Gammaproteobacteria;O__Enterobacterales;F__Enterobacteriaceae;G__Escherichia-Shigella;S__Escherichia_coli_strain_NBRC_102203
K__Bacteria;P__Pseudomonadota;C__Gammaproteobacteria;O__Enterobacterales;F__Enterobacteriaceae;G__Escherichia;S__Escherichia_coli_strain_U_5/41	K__Bacteria;P__Pseudomonadota;C__Gammaproteobacteria;O__Enterobacterales;F__Enterobacteriaceae;G__Escherichia-Shigella;S__Escherichia_coli_strain_U_5/41
K__Bacteria;P__Pseudomonadota;C__Gammaproteobacteria;O__Enterobacterales;F__Enterobacteriaceae;G__Escherichia;S__Escherichia_fergusonii_ATCC_35469	K__Bacteria;P__Pseudomonadota;C__Gammaproteobacteria;O__Enterobacterales;F__Enterobacteriaceae;G__Escherichia-Shigella;S__Escherichia_fergusonii_ATCC_35469
K__Bacteria;P__Pseudomonadota;C__Gammaproteobacteria;O__Enterobacterales;F__Enterobacteriaceae;G__Escherichia;S__Escherichia_fergusonii_strain_NBRC_102419	K__Bacteria;P__Pseudomonadota;C__Gammaproteobacteria;O__Enterobacterales;F__Enterobacteriaceae;G__Escherichia-Shigella;S__Escherichia_fergusonii_strain_NBRC_102419
K__Bacteria;P__Pseudomonadota;C__Gammaproteobacteria;O__Enterobacterales;F__Enterobacteriaceae;G__Escherichia;S__Escherichia_marmotae_strain_HT073016	K__Bacteria;P__Pseudomonadota;C__Gammaproteobacteria;O__Enterobacterales;F__Enterobacteriaceae;G__Escherichia-Shigella;S__Escherichia_marmotae_strain_HT073016
K__Bacteria;P__Pseudomonadota;C__Gammaproteobacteria;O__Enterobacterales;F__Enterobacteriaceae;G__Escherichia;S__Escherichia_ruysiae	K__Bacteria;P__Pseudomonadota;C__Gammaproteobacteria;O__Enterobacterales;F__Enterobacteriaceae;G__Escherichia-Shigella;S__Escherichia_ruysiae
K__Bacteria;P__Pseudomonadota;C__Gammaproteobacteria;O__Enterobacterales;F__Enterobacteriaceae;G__Escherichia;S__Escherichia_whittamii	K__Bacteria;P__Pseudomonadota;C__Gammaproteobacteria;O__Enterobacterales;F__Enterobacteriaceae;G__Escherichia-Shigella;S__Escherichia_whittamii
K__Bacteria;P__Pseudomonadota;C__Gammaproteobacteria;O__Enterobacterales;F__Enterobacteriaceae;G__Shigella;S__Shigella_boydii_strain_P288	K__Bacteria;P__Pseudomonadota;C__Gammaproteobacteria;O__Enterobacterales;F__Enterobacteriaceae;G__Escherichia-Shigella;S__Shigella_boydii_strain_P288
K__Bacteria;P__Pseudomonadota;C__Gammaproteobacteria;O__Enterobacterales;F__Enterobacteriaceae;G__Shigella;S__Shigella_dysenteriae_strain_ATCC_13313	K__Bacteria;P__Pseudomonadota;C__Gammaproteobacteria;O__Enterobacterales;F__Enterobacteriaceae;G__Escherichia-Shigella;S__Shigella_dysenteriae_strain_ATCC_13313
K__Bacteria;P__Pseudomonadota;C__Gammaproteobacteria;O__Enterobacterales;F__Enterobacteriaceae;G__Shigella;S__Shigella_flexneri_strain_ATCC_29903	K__Bacteria;P__Pseudomonadota;C__Gammaproteobacteria;O__Enterobacterales;F__Enterobacteriaceae;G__Escherichia-Shigella;S__Shigella_flexneri_strain_ATCC_29903
K__Bacteria;P__Pseudomonadota;C__Gammaproteobacteria;O__Enterobacterales;F__Enterobacteriaceae;G__Shigella;S__Shigella_sonnei_strain_CECT_4887	K__Bacteria;P__Pseudomonadota;C__Gammaproteobacteria;O__Enterobacterales;F__Enterobacteriaceae;G__Escherichia-Shigella;S__Shigella_sonnei_strain_CECT_4887
K__Bacteria;P__Pseudomonadota;C__Gammaproteobacteria;O__Lysobacterales;F__Lysobacteraceae;G__Agrilutibacter;S__Lysobacter_solisilvae_strain_R19	K__Bacteria;P__Pseudomonadota;C__Gammaproteobacteria;O__Lysobacterales;F__Lysobacteraceae;G__Agrilutibacter;S__Agrilutibacter_solisilvae_strain_R19
K__Bacteria;P__Pseudomonadota;C__Gammaproteobacteria;O__Lysobacterales;F__Lysobacteraceae;G__Agrilutibacter;S__Lysobacter_terrestris_strain_II4	K__Bacteria;P__Pseudomonadota;C__Gammaproteobacteria;O__Lysobacterales;F__Lysobacteraceae;G__Agrilutibacter;S__Agrilutibacter_terrestris_strain_II4
K__Bacteria;P__Pseudomonadota;C__Gammaproteobacteria;O__Lysobacterales;F__Lysobacteraceae;G__Cognatiluteimonas;S__Lysobacter_telluris_strain_YJ15	K__Bacteria;P__Pseudomonadota;C__Gammaproteobacteria;O__Lysobacterales;F__Lysobacteraceae;G__Cognatiluteimonas;S__Cognatiluteimonas_telluris_strain_YJ15
K__Bacteria;P__Pseudomonadota;C__Gammaproteobacteria;O__Lysobacterales;F__Lysobacteraceae;G__Marilutibacter;S__Lysobacter_aestuarii_strain_S2-C	K__Bacteria;P__Pseudomonadota;C__Gammaproteobacteria;O__Lysobacterales;F__Lysobacteraceae;G__Marilutibacter;S__Marilutibacter_aestuarii_strain_S2-C
K__Bacteria;P__Pseudomonadota;C__Gammaproteobacteria;O__Lysobacterales;F__Lysobacteraceae;G__Marilutibacter;S__Lysobacter_alkalisoli_strain_SJ-36	K__Bacteria;P__Pseudomonadota;C__Gammaproteobacteria;O__Lysobacterales;F__Lysobacteraceae;G__Marilutibacter;S__Marilutibacter_alkalisoli_strain_SJ-36
K__Bacteria;P__Pseudomonadota;C__Gammaproteobacteria;O__Lysobacterales;F__Lysobacteraceae;G__Montanilutibacter;S__Lysobacter_psychrotolerans_strain_ZS60	K__Bacteria;P__Pseudomonadota;C__Gammaproteobacteria;O__Lysobacterales;F__Lysobacteraceae;G__Montanilutibacter;S__Montanilutibacter_psychrotolerans_strain_ZS60
K__Bacteria;P__Pseudomonadota;C__Gammaproteobacteria;O__Lysobacterales;F__Lysobacteraceae;G__Novilysobacter;S__Lysobacter_avium_strain_H23M41	K__Bacteria;P__Pseudomonadota;C__Gammaproteobacteria;O__Lysobacterales;F__Lysobacteraceae;G__Novilysobacter;S__Novilysobacter_avium_strain_H23M41
K__Bacteria;P__Pseudomonadota;C__Gammaproteobacteria;O__Lysobacterales;F__Lysobacteraceae;G__Novilysobacter;S__Lysobacter_ciconiae_strain_H21R20	K__Bacteria;P__Pseudomonadota;C__Gammaproteobacteria;O__Lysobacterales;F__Lysobacteraceae;G__Novilysobacter;S__Novilysobacter_ciconiae_strain_H21R20
K__Bacteria;P__Pseudomonadota;C__Gammaproteobacteria;O__Lysobacterales;F__Lysobacteraceae;G__Solilutibacter;S__Lysobacter_pythonis_strain_4284/11	K__Bacteria;P__Pseudomonadota;C__Gammaproteobacteria;O__Lysobacterales;F__Lysobacteraceae;G__Solilutibacter;S__Solilutibacter_pythonis_strain_4284/11
K__Bacteria;P__Pseudomonadota;C__Gammaproteobacteria;O__Pseudomonadales;F__Pseudomonadaceae;G__Aquipseudomonas;S__Pseudomonas_ullengensis_strain_UL070	K__Bacteria;P__Pseudomonadota;C__Gammaproteobacteria;O__Pseudomonadales;F__Pseudomonadaceae;G__Aquipseudomonas;S__Aquipseudomonas_ullengensis_strain_UL070
K__Bacteria;P__Pseudomonadota;C__Gammaproteobacteria;O__Pseudomonadales;F__Pseudomonadaceae;G__Metapseudomonas;S__Pseudomonas_furukawaii_strain_KF707	K__Bacteria;P__Pseudomonadota;C__Gammaproteobacteria;O__Pseudomonadales;F__Pseudomonadaceae;G__Metapseudomonas;S__Metapseudomonas_furukawaii_strain_KF707
K__Bacteria;P__Pseudomonadota;C__Gammaproteobacteria;O__Pseudomonadales;F__Pseudomonadaceae;G__Metapseudomonas;S__Pseudomonas_lalkuanensis_strain_PE08	K__Bacteria;P__Pseudomonadota;C__Gammaproteobacteria;O__Pseudomonadales;F__Pseudomonadaceae;G__Metapseudomonas;S__Metapseudomonas_lalkuanensis_strain_PE08
K__Bacteria;P__Pseudomonadota;C__Gammaproteobacteria;O__Pseudomonadales;F__Pseudomonadaceae;G__Phytopseudomonas;S__Pseudomonas_daroniae_strain_FRB228	K__Bacteria;P__Pseudomonadota;C__Gammaproteobacteria;O__Pseudomonadales;F__Pseudomonadaceae;G__Phytopseudomonas;S__Phytopseudomonas_daroniae_strain_FRB228
K__Bacteria;P__Pseudomonadota;C__Gammaproteobacteria;O__Pseudomonadales;F__Pseudomonadaceae;G__Phytopseudomonas;S__Pseudomonas_dryadis_strain_FRB230	K__Bacteria;P__Pseudomonadota;C__Gammaproteobacteria;O__Pseudomonadales;F__Pseudomonadaceae;G__Phytopseudomonas;S__Phytopseudomonas_dryadis_strain_FRB230
K__Bacteria;P__Pseudomonadota;C__Gammaproteobacteria;O__Pseudomonadales;F__Pseudomonadaceae;G__Zestomonas;S__Pseudomonas_carbonaria_strain_Wesi-4	K__Bacteria;P__Pseudomonadota;C__Gammaproteobacteria;O__Pseudomonadales;F__Pseudomonadaceae;G__Zestomonas;S__Zestomonas_carbonaria_strain_Wesi-4
K__Bacteria;P__Pseudomonadota;C__Gammaproteobacteria;O__Pseudomonadales;F__Pseudomonadaceae;G__Zestomonas;S__Pseudomonas_insulae_strain_UL073	K__Bacteria;P__Pseudomonadota;C__Gammaproteobacteria;O__Pseudomonadales;F__Pseudomonadaceae;G__Zestomonas;S__Zestomonas_insulae_strain_UL073
K__Bacteria;P__Verrucomicrobiota;C__Opitutae;O__Opitutales;F__Opitutaceae;G__Nibricoccus;S__Nibricoccus_aquaticus	K__Bacteria;P__Verrucomicrobiota;C__Opitutia;O__Opitutales;F__Opitutaceae;G__Nibricoccus;S__Nibricoccus_aquaticus
K__Bacteria;P__Verrucomicrobiota;C__Opitutae;O__Puniceicoccales;F__Coraliomargaritaceae;G__Coraliomargarita;S__Coraliomargarita_parva	K__Bacteria;P__Verrucomicrobiota;C__Opitutia;O__Puniceicoccales;F__Coraliomargaritaceae;G__Coraliomargarita;S__Coraliomargarita_parva
K__Bacteria;P__Verrucomicrobiota;C__Verrucomicrobiae;O__Verrucomicrobiales;F__Akkermansiaceae;G__Akkermansia;S__Akkermansia_biwaensis	K__Bacteria;P__Verrucomicrobiota;C__Verrucomicrobiia;O__Verrucomicrobiales;F__Akkermansiaceae;G__Akkermansia;S__Akkermansia_biwaensis
K__Bacteria;P__Verrucomicrobiota;C__Verrucomicrobiae;O__Verrucomicrobiales;F__Akkermansiaceae;G__Akkermansia;S__Akkermansia_massiliensis	K__Bacteria;P__Verrucomicrobiota;C__Verrucomicrobiia;O__Verrucomicrobiales;F__Akkermansiaceae;G__Akkermansia;S__Akkermansia_massiliensis
K__Bacteria;P__Verrucomicrobiota;C__Verrucomicrobiae;O__Verrucomicrobiales;F__Verrucomicrobiaceae;G__Luteolibacter;S__Luteolibacter_marinus	K__Bacteria;P__Verrucomicrobiota;C__Verrucomicrobiia;O__Verrucomicrobiales;F__Verrucomicrobiaceae;G__Luteolibacter;S__Luteolibacter_marinus
K__Bacteria;P__Verrucomicrobiota;C__Verrucomicrobiae;O__Verrucomicrobiales;F__Verrucomicrobiaceae;G__Oceaniferula;S__Oceaniferula_flavus	K__Bacteria;P__Verrucomicrobiota;C__Verrucomicrobiia;O__Verrucomicrobiales;F__Verrucomicrobiaceae;G__Oceaniferula;S__Oceaniferula_flavus
K__lambda_standard; P__lambda_standard; C__lambda_standard; O__lambda_standard; F__lambda_standard; G__lambda_standard; S__lambda_standard	K__lambda_standard;P__lambda_standard;C__lambda_standard;O__lambda_standard;F__lambda_standard;G__lambda_standard;S__lambda_standard
